Question,Option A,Option B,Option C,Option D,Correct Answer
"1.  Theo văn bản, mặt trận nào là mặt trận chủ yếu, quyết định đối với toàn bộ tiến trình của Chiến tranh thế giới thứ hai?",Mặt trận Tây Âu,Mặt trận Xô – Đức,Mặt trận Bắc Phi,Mặt trận châu Á - Thái Bình Dương,B. Mặt trận Xô – Đức
2.  Chiến tranh thế giới thứ hai bắt đầu khi Đức tấn công quốc gia nào vào ngày 1-9-1939?,Pháp,Ba Lan,Liên Xô,Anh,B. Ba Lan
"3.  Trong giai đoạn đầu của chiến tranh (1939-1941), chiến thuật ""đánh chớp nhoáng"" của Đức được thể hiện như thế nào?","Tấn công chậm rãi, từ từ chiếm đóng các nước.","Sử dụng xe tăng và máy bay thọc sâu, bao vây nhanh chóng.",Gây chiến tranh du kích trong lòng địch.,Sử dụng chiến tranh tàu ngầm.,"Tôi xin lỗi, tôi không tìm thấy thông tin về chiến thuật ""đánh chớp nhoáng"" của Đức trong giai đoạn đầu của chiến tranh (1939-1941) trong các đoạn văn bản bạn đã cung cấp."
4.  Sự kiện nào đánh dấu việc Liên Xô thu hồi lãnh thổ của đế quốc Nga bị mất vào những năm 1918 – 1920?,Đức tấn công Ba Lan,Liên Xô tiến vào miền Đông Ba Lan,Hiệp ước Matxcơva được ký kết,Chiến tranh Xô - Phần bùng nổ,B. Liên Xô tiến vào miền Đông Ba Lan
5.  Quốc gia nào đã bị Đức chiếm đóng vào ngày 9-4-1940?,Pháp,Na Uy,Đan Mạch,Hà Lan,Tôi không tìm thấy thông tin về việc Đức chiếm đóng quốc gia nào vào ngày 9-4-1940 trong ngữ cảnh được cung cấp.
6.  Sự kiện nào đánh dấu việc Pháp đầu hàng Đức trong Chiến tranh thế giới thứ hai?,Chính phủ Pháp chạy về Tua,Italia tuyên chiến với Anh và Pháp,Hiệp định đình chiến kí ở Rơtôngđơ,"Tướng Đờ Gôn thành lập ""Chính phủ Pháp tự do""",C. Hiệp định đình chiến kí ở Rơtôngđơ
"7.  Kế hoạch ""Sư tử biển"" của Đức nhằm mục đích gì?",Đổ bộ lên Anh,Tấn công Liên Xô,Chiếm đóng các nước Bancăng,Phân chia thế giới với Italia và Nhật Bản,"Tôi không tìm thấy thông tin về kế hoạch ""Sư tử biển"" của Đức trong ngữ cảnh này."
"8.  Hiệp ước đồng minh quân sự và chính trị nào được ký kết giữa Đức, Italia và Nhật Bản vào ngày 27-9-1940?",Hiệp ước Matxcơva,Hiệp ước Béclin,Hiệp ước không xâm phạm Xô - Đức,Hiệp ước Rơtôngđơ,B. Hiệp ước Béclin
"9.  Quốc gia nào đã bị Đức tấn công vào ngày 22-6-1941, mở đầu giai đoạn thứ hai của Chiến tranh thế giới thứ hai?",Ba Lan,Pháp,Liên Xô,Anh,C. Liên Xô
10. Mục tiêu chính của Đức khi tấn công Liên Xô là gì?,Chiếm đóng các nước châu Âu,Tiêu diệt chế độ xã hội chủ nghĩa và độc chiếm tài nguyên Liên Xô,Ký kết hiệp ước hòa bình,Thành lập chính phủ bù nhìn.,B. Tiêu diệt chế độ xã hội chủ nghĩa và độc chiếm tài nguyên Liên Xô
